Derivative,Value
CL_de,0.0467135
CY_beta,-0.1896091
CY_p,-0.0499658
CY_r,0.1153791
Cl_beta,0.0794372
Cl_p,-0.2420417
Cl_r,0.6025097
Cl_da,-0.2421885
Cm_q,4.4092943
Cm_de,0.0094737
Cn_beta,0.1080794
Cn_p,-0.0996848
Cn_r,-0.1044945
Cn_da,0.0226307
