Derivative,Value
CL_de,0.0134199
CY_beta,-0.0218091
CY_p,-0.1120588
CY_r,0.054701
Cl_beta,-0.1011453
Cl_p,-0.4532662
Cl_r,0.1640974
Cl_da,0.0002095
Cm_q,-2.648271
Cm_de,-0.0029017
Cn_beta,0.0023779
Cn_p,-0.0043106
Cn_r,-0.0085174
Cn_da,-3.3e-06
